keyword,volume,difficulty,niche
how to start a blog and make money,2400,18,blogging
best free keyword research tools,1900,22,seo
how to get free traffic from google,1600,20,seo
how to write SEO blog posts fast,1200,15,seo
best affiliate programs for beginners,3100,25,affiliate
how to make money with google adsense,2800,28,monetization
chatgpt prompts for blog writing,4500,19,ai tools
how to rank on google first page,2200,24,seo
best tools for content marketing,1800,21,marketing
how to build backlinks for free,1500,23,seo
how to make money blogging for beginners,3800,17,blogging
how to make money blogging in 2026,2900,14,blogging
what is affiliate marketing and how does it work,5400,22,affiliate
how to start affiliate marketing with no money,4200,19,affiliate
can you actually make money from affiliate marketing,2100,16,affiliate
can i do affiliate marketing without a website,3300,18,affiliate
which affiliate program pays the most,2700,20,affiliate
can i do affiliate marketing without showing my face,1800,13,affiliate
how to make passive income online for beginners,3600,21,passive income
how to earn passive income online without investment,2400,17,passive income
how to make passive income online with ai,1900,12,passive income
which ai writing tool is best,4100,23,ai tools
what are free ai writing tools,3500,18,ai tools
which ai tool writes like human,2200,14,ai tools
how to create a winning content marketing strategy,1700,19,marketing
how to monetize a blog with affiliate marketing,2600,16,blogging
best blogging niches that make money,3200,15,blogging
google adsense requirements for website,2800,18,monetization
how to increase website traffic for free,4400,22,seo
